"id","country_id","year","population"
,1,2022,41128771
,1,2020,38972230
,1,2015,33753499
,1,2010,28189672
,1,2000,19542982
,1,1990,10694796
,1,1980,12486631
,1,1970,10752971
,2,2022,2842321
,2,2020,2866849
,2,2015,2882481
,2,2010,2913399
,2,2000,3182021
,2,1990,3295066
,2,1980,2941651
,2,1970,2324731
,3,2022,44903225
,3,2020,43451666
,3,2015,39543154
,3,2010,35856344
,3,2000,30774621
,3,1990,25518074
,3,1980,18739378
,3,1970,13795915
,4,2022,44273
,4,2020,46189
,4,2015,51368
,4,2010,54849
,4,2000,58230
,4,1990,47818
,4,1980,32886
,4,1970,27075
,5,2022,79824
,5,2020,77700
,5,2015,71746
,5,2010,71519
,5,2000,66097
,5,1990,53569
,5,1980,35611
,5,1970,19860
,6,2022,35588987
,6,2020,33428485
,6,2015,28127721
,6,2010,23364185
,6,2000,16394062
,6,1990,11828638
,6,1980,8330047
,6,1970,6029700
,7,2022,15857
,7,2020,15585
,7,2015,14525
,7,2010,13172
,7,2000,11047
,7,1990,8316
,7,1980,6560
,7,1970,6283
,8,2022,93763
,8,2020,92664
,8,2015,89941
,8,2010,85695
,8,2000,75055
,8,1990,63328
,8,1980,64888
,8,1970,64516
,9,2022,45510318
,9,2020,45036032
,9,2015,43257065
,9,2010,41100123
,9,2000,37070774
,9,1990,32637657
,9,1980,28024803
,9,1970,23842803
,10,2022,2780469
,10,2020,2805608
,10,2015,2878595
,10,2010,2946293
,10,2000,3168523
,10,1990,3556539
,10,1980,3135123
,10,1970,2534377
,11,2022,106445
,11,2020,106585
,11,2015,104257
,11,2010,100341
,11,2000,89101
,11,1990,65712
,11,1980,62267
,11,1970,59106
,12,2022,26177413
,12,2020,25670051
,12,2015,23820236
,12,2010,22019168
,12,2000,19017963
,12,1990,17048003
,12,1980,14706322
,12,1970,12595034
,13,2022,8939617
,13,2020,8907777
,13,2015,8642421
,13,2010,8362829
,13,2000,8010428
,13,1990,7678729
,13,1980,7547561
,13,1970,7465301
,14,2022,10358074
,14,2020,10284951
,14,2015,9863480
,14,2010,9237202
,14,2000,8190337
,14,1990,7427836
,14,1980,6383060
,14,1970,5425317
,15,2022,409984
,15,2020,406471
,15,2015,392697
,15,2010,373272
,15,2000,325014
,15,1990,270679
,15,1980,223752
,15,1970,179129
,16,2022,1472233
,16,2020,1477469
,16,2015,1362142
,16,2010,1213645
,16,2000,711442
,16,1990,517418
,16,1980,362595
,16,1970,222555
,17,2022,171186372
,17,2020,167420951
,17,2015,157830000
,17,2010,148391139
,17,2000,129193327
,17,1990,107147651
,17,1980,83929765
,17,1970,67541860
,18,2022,281635
,18,2020,280693
,18,2015,278083
,18,2010,274711
,18,2000,264657
,18,1990,258868
,18,1980,253575
,18,1970,241397
,19,2022,9534954
,19,2020,9633740
,19,2015,9700609
,19,2010,9731427
,19,2000,10256483
,19,1990,10428525
,19,1980,9817257
,19,1970,9170786
,20,2022,11655930
,20,2020,11561717
,20,2015,11248303
,20,2010,10877947
,20,2000,10264343
,20,1990,9959560
,20,1980,9828986
,20,1970,9629376
,21,2022,405272
,21,2020,394921
,21,2015,359871
,21,2010,322106
,21,2000,240406
,21,1990,182589
,21,1980,145133
,21,1970,120905
,22,2022,13352864
,22,2020,12643123
,22,2015,10932783
,22,2010,9445710
,22,2000,6998023
,22,1990,5133419
,22,1980,3833939
,22,1970,3023443
,23,2022,64184
,23,2020,64031
,23,2015,63144
,23,2010,63447
,23,2000,61371
,23,1990,57470
,23,1980,53565
,23,1970,52019
,24,2022,782455
,24,2020,772506
,24,2015,743274
,24,2010,705516
,24,2000,587207
,24,1990,558442
,24,1980,415257
,24,1970,298894
,25,2022,12224110
,25,2020,11936162
,25,2015,11090085
,25,2010,10223270
,25,2000,8592656
,25,1990,7096194
,25,1980,5736088
,25,1970,4585693
,26,2022,3233526
,26,2020,3318407
,26,2015,3524324
,26,2010,3811088
,26,2000,4179350
,26,1990,4494310
,26,1980,4199820
,26,1970,3815561
,27,2022,2630296
,27,2020,2546402
,27,2015,2305171
,27,2010,2091664
,27,2000,1726985
,27,1990,1341474
,27,1980,938578
,27,1970,592244
,28,2022,215313498
,28,2020,213196304
,28,2015,205188205
,28,2010,196353492
,28,2000,175873720
,28,1990,150706446
,28,1980,122288383
,28,1970,96369875
,29,2022,31305
,29,2020,30910
,29,2015,29366
,29,2010,27556
,29,2000,20104
,29,1990,15617
,29,1980,11109
,29,1970,9581
,30,2022,449002
,30,2020,441725
,30,2015,421437
,30,2010,396053
,30,2000,333926
,30,1990,261928
,30,1980,187921
,30,1970,133343
,31,2022,6781953
,31,2020,6979175
,31,2015,7309253
,31,2010,7592273
,31,2000,8097691
,31,1990,8767778
,31,1980,8980606
,31,1970,8582950
,32,2022,22673762
,32,2020,21522626
,32,2015,18718019
,32,2010,16116845
,32,2000,11882888
,32,1990,9131361
,32,1980,6932967
,32,1970,5611666
,33,2022,12889576
,33,2020,12220227
,33,2015,10727148
,33,2010,9126605
,33,2000,6307659
,33,1990,5483793
,33,1980,4312834
,33,1970,3497834
,34,2022,16767842
,34,2020,16396860
,34,2015,15417523
,34,2010,14363532
,34,2000,12118841
,34,1990,8910808
,34,1980,6198959
,34,1970,6708525
,35,2022,27914536
,35,2020,26491087
,35,2015,23012646
,35,2010,19878036
,35,2000,15091594
,35,1990,11430520
,35,1980,8519891
,35,1970,6452787
,36,2022,38454327
,36,2020,37888705
,36,2015,35732126
,36,2010,33963412
,36,2000,30683313
,36,1990,27657204
,36,1980,24511510
,36,1970,21434577
,37,2022,593149
,37,2020,582640
,37,2015,552166
,37,2010,521212
,37,2000,458251
,37,1990,364563
,37,1980,317234
,37,1970,287262
,38,2022,68706
,38,2020,67311
,38,2015,60911
,38,2010,54074
,38,2000,39658
,38,1990,26027
,38,1980,17100
,38,1970,10533
,39,2022,5579144
,39,2020,5343020
,39,2015,4819333
,39,2010,4660067
,39,2000,3759170
,39,1990,2809221
,39,1980,2415276
,39,1970,2067356
,40,2022,17723315
,40,2020,16644701
,40,2015,14140274
,40,2010,11894727
,40,2000,8259137
,40,1990,5827069
,40,1980,4408230
,40,1970,3667394
,41,2022,19603733
,41,2020,19300315
,41,2015,17870124
,41,2010,17004162
,41,2000,15351799
,41,1990,13342868
,41,1980,11469828
,41,1970,9820481
,42,2022,1425887337
,42,2020,1424929781
,42,2015,1393715448
,42,2010,1348191368
,42,2000,1264099069
,42,1990,1153704252
,42,1980,982372466
,42,1970,822534450
,43,2022,51874024
,43,2020,50930662
,43,2015,47119728
,43,2010,44816108
,43,2000,39215135
,43,1990,32601393
,43,1980,26176195
,43,1970,20905254
,44,2022,836774
,44,2020,806166
,44,2015,730216
,44,2010,656024
,44,2000,536758
,44,1990,431119
,44,1980,328328
,44,1970,242351
,45,2022,17011
,45,2020,17029
,45,2015,17695
,45,2010,17212
,45,2000,15897
,45,1990,17123
,45,1980,17651
,45,1970,20470
,46,2022,5180829
,46,2020,5123105
,46,2015,4895242
,46,2010,4622252
,46,2000,3979193
,46,1990,3158253
,46,1980,2414303
,46,1970,1855697
,47,2022,4030358
,47,2020,4096868
,47,2015,4254815
,47,2010,4368682
,47,2000,4548434
,47,1990,4873707
,47,1980,4680144
,47,1970,4492638
,48,2022,11212191
,48,2020,11300698
,48,2015,11339894
,48,2010,11290417
,48,2000,11105791
,48,1990,10626680
,48,1980,9809107
,48,1970,8869636
,49,2022,191163
,49,2020,189288
,49,2015,169572
,49,2010,159380
,49,2000,141424
,49,1990,155446
,49,1980,156851
,49,1970,150385
,50,2022,1251488
,50,2020,1237537
,50,2015,1187280
,50,2010,1129686
,50,2000,948237
,50,1990,788500
,50,1980,679327
,50,1970,640804
,51,2022,10493986
,51,2020,10530953
,51,2015,10523798
,51,2010,10464749
,51,2000,10234710
,51,1990,10301192
,51,1980,10270060
,51,1970,9795744
,52,2022,5882261
,52,2020,5825641
,52,2015,5677796
,52,2010,5550849
,52,2000,5340655
,52,1990,5144623
,52,1980,5125392
,52,1970,4922963
,53,2022,1120849
,53,2020,1090156
,53,2015,1006259
,53,2010,919199
,53,2000,742033
,53,1990,577173
,53,1980,324121
,53,1970,144379
,54,2022,72737
,54,2020,71995
,54,2015,70007
,54,2010,68755
,54,2000,68346
,54,1990,69481
,54,1980,72978
,54,1970,68895
,55,2022,11228821
,55,2020,10999664
,55,2015,10405832
,55,2010,9775755
,55,2000,8540791
,55,1990,7129004
,55,1980,5755800
,55,1970,4475871
,56,2022,99010212
,56,2020,92853164
,56,2015,78656904
,56,2010,66391257
,56,2000,48616317
,56,1990,35987541
,56,1980,26708686
,56,1970,20151733
,57,2022,18001000
,57,2020,17588595
,57,2015,16195902
,57,2010,14989585
,57,2000,12626507
,57,1990,10449837
,57,1980,8135845
,57,1970,6172215
,58,2022,110990103
,58,2020,107465134
,58,2015,97723799
,58,2010,87252413
,58,2000,71371371
,58,1990,57214630
,58,1980,43748556
,58,1970,34781986
,59,2022,6336392
,59,2020,6292731
,59,2015,6231066
,59,2010,6114034
,59,2000,5958482
,59,1990,5367179
,59,1980,4508992
,59,1970,3619090
,60,2022,1674908
,60,2020,1596049
,60,2015,1346973
,60,2010,1094524
,60,2000,684977
,60,1990,465549
,60,1980,282509
,60,1970,316955
,61,2022,3684032
,61,2020,3555868
,61,2015,3340006
,61,2010,3147727
,61,2000,2392880
,61,1990,2149960
,61,1980,1657982
,61,1970,1272748
,62,2022,1326062
,62,2020,1329444
,62,2015,1314657
,62,2010,1331535
,62,2000,1396877
,62,1990,1570674
,62,1980,1476983
,62,1970,1361999
,63,2022,1201670
,63,2020,1180655
,63,2015,1133936
,63,2010,1099920
,63,2000,1030496
,63,1990,854011
,63,1980,598564
,63,1970,442865
,64,2022,123379924
,64,2020,117190911
,64,2015,102471895
,64,2010,89237791
,64,2000,67031867
,64,1990,47878073
,64,1980,34945469
,64,1970,28308246
,65,2022,3780
,65,2020,3747
,65,2015,3408
,65,2010,3187
,65,2000,3080
,65,1990,2332
,65,1980,2240
,65,1970,2274
,66,2022,53090
,66,2020,52415
,66,2015,48816
,66,2010,48410
,66,2000,45660
,66,1990,47479
,66,1980,43054
,66,1970,38416
,67,2022,929766
,67,2020,920422
,67,2015,917200
,67,2010,905169
,67,2000,832509
,67,1990,780430
,67,1980,644582
,67,1970,527634
,68,2022,5540745
,68,2020,5529468
,68,2015,5479461
,68,2010,5363271
,68,2000,5176209
,68,1990,4986545
,68,1980,4779418
,68,1970,4606621
,69,2022,64626628
,69,2020,64480053
,69,2015,63809769
,69,2010,62444567
,69,2000,58665453
,69,1990,56412897
,69,1980,53713830
,69,1970,50523586
,70,2022,304557
,70,2020,290969
,70,2015,257026
,70,2010,228453
,70,2000,164351
,70,1990,113931
,70,1980,66825
,70,1970,46484
,71,2022,306279
,71,2020,301920
,71,2015,291787
,71,2010,283788
,71,2000,250927
,71,1990,211089
,71,1980,163591
,71,1970,117891
,72,2022,2388992
,72,2020,2292573
,72,2015,2028517
,72,2010,1711105
,72,2000,1272935
,72,1990,983028
,72,1980,749078
,72,1970,597192
,73,2022,2705992
,73,2020,2573995
,73,2015,2253133
,73,2010,1937275
,73,2000,1437539
,73,1990,1040616
,73,1980,718586
,73,1970,528731
,74,2022,3744385
,74,2020,3765912
,74,2015,3771132
,74,2010,3836831
,74,2000,4265172
,74,1990,5391636
,74,1980,5145843
,74,1970,4800426
,75,2022,83369843
,75,2020,83328988
,75,2015,82073226
,75,2010,81325090
,75,2000,81551677
,75,1990,79370196
,75,1980,77786703
,75,1970,78294583
,76,2022,33475870
,76,2020,32180401
,76,2015,28870939
,76,2010,25574719
,76,2000,19665502
,76,1990,15446982
,76,1980,11865246
,76,1970,8861895
,77,2022,32649
,77,2020,32709
,77,2015,32520
,77,2010,31262
,77,2000,27741
,77,1990,27317
,77,1980,28734
,77,1970,26685
,78,2022,10384971
,78,2020,10512232
,78,2015,10806641
,78,2010,11033783
,78,2000,11038109
,78,1990,10302255
,78,1980,9307148
,78,1970,8544873
,79,2022,56466
,79,2020,56026
,79,2015,55895
,79,2010,56351
,79,2000,56184
,79,1990,55599
,79,1980,50106
,79,1970,45434
,80,2022,125438
,80,2020,123663
,80,2015,118980
,80,2010,114039
,80,2000,107432
,80,1990,99047
,80,1980,94838
,80,1970,98794
,81,2022,395752
,81,2020,395642
,81,2015,399089
,81,2010,403072
,81,2000,424067
,81,1990,391951
,81,1980,334234
,81,1970,318310
,82,2022,171774
,82,2020,169231
,82,2015,167978
,82,2010,164905
,82,2000,160188
,82,1990,138263
,82,1980,110286
,82,1970,88300
,83,2022,17843908
,83,2020,17362718
,83,2015,16001107
,83,2010,14543121
,83,2000,11735894
,83,1990,9084780
,83,1980,6987767
,83,1970,5453208
,84,2022,63301
,84,2020,62794
,84,2015,61629
,84,2010,60782
,84,2000,59114
,84,1990,57727
,84,1980,52860
,84,1970,52656
,85,2022,13859341
,85,2020,13205153
,85,2015,11625998
,85,2010,10270728
,85,2000,8336967
,85,1990,6354145
,85,1980,4972609
,85,1970,4222374
,86,2022,2105566
,86,2020,2015828
,86,2015,1788919
,86,2010,1567220
,86,2000,1230849
,86,1990,973551
,86,1980,831462
,86,1970,591663
,87,2022,808726
,87,2020,797202
,87,2015,755031
,87,2010,747932
,87,2000,759051
,87,1990,747116
,87,1980,778176
,87,1970,705261
,88,2022,11584996
,88,2020,11306801
,88,2015,10563757
,88,2010,9842880
,88,2000,8360225
,88,1990,6925331
,88,1980,5646676
,88,1970,4680812
,89,2022,10432860
,89,2020,10121763
,89,2015,9294505
,89,2010,8450933
,89,2000,6656725
,89,1990,5053234
,89,1980,3777990
,89,1970,2782753
,90,2022,7488865
,90,2020,7500958
,90,2015,7399838
,90,2010,7132438
,90,2000,6731195
,90,1990,5838574
,90,1980,4978544
,90,1970,3955072
,91,2022,9967308
,91,2020,9750573
,91,2015,9844246
,91,2010,9986825
,91,2000,10202055
,91,1990,10375989
,91,1980,10698679
,91,1970,10315366
,92,2022,372899
,92,2020,366669
,92,2015,331060
,92,2010,318333
,92,2000,281462
,92,1990,255019
,92,1980,228263
,92,1970,204468
,93,2022,1417173173
,93,2020,1396387127
,93,2015,1322866505
,93,2010,1240613620
,93,2000,1059633675
,93,1990,870452165
,93,1980,696828385
,93,1970,557501301
,94,2022,275501339
,94,2020,271857970
,94,2015,259091970
,94,2010,244016173
,94,2000,214072421
,94,1990,182159874
,94,1980,148177096
,94,1970,115228394
,95,2022,88550570
,95,2020,87290193
,95,2015,81790841
,95,2010,75373855
,95,2000,65544383
,95,1990,55793629
,95,1980,38520664
,95,1970,28449705
,96,2022,44496122
,96,2020,42556984
,96,2015,37757813
,96,2010,31264875
,96,2000,24628858
,96,1990,17658381
,96,1980,13653369
,96,1970,9811347
,97,2022,5023109
,97,2020,4946119
,97,2015,4665760
,97,2010,4524585
,97,2000,3768950
,97,1990,3485374
,97,1980,3391387
,97,1970,2937637
,98,2022,84519
,98,2020,84046
,98,2015,83593
,98,2010,83828
,98,2000,75562
,98,1990,68865
,98,1980,64022
,98,1970,55298
,99,2022,9038309
,99,2020,8757489
,99,2015,8007778
,99,2010,7328445
,99,2000,6116958
,99,1990,4803254
,99,1980,3744608
,99,1970,2907307
,100,2022,59037474
,100,2020,59500579
,100,2015,60232906
,100,2010,59822450
,100,2000,56966397
,100,1990,56756561
,100,1980,56329482
,100,1970,53324036
,101,2022,28160542
,101,2020,26811790
,101,2015,23596741
,101,2010,21120042
,101,2000,16799670
,101,1990,11910540
,101,1980,8303809
,101,1970,5477086
,102,2022,2827377
,102,2020,2820436
,102,2015,2794445
,102,2010,2733896
,102,2000,2612205
,102,1990,2392030
,102,1980,2135546
,102,1970,1859091
,103,2022,123951692
,103,2020,125244761
,103,2015,127250933
,103,2010,128105431
,103,2000,126803861
,103,1990,123686321
,103,1980,117624196
,103,1970,105416839
,104,2022,110778
,104,2020,108319
,104,2015,100561
,104,2010,96151
,104,2000,86192
,104,1990,82874
,104,1980,75124
,104,1970,68347
,105,2022,11285869
,105,2020,10928721
,105,2015,9494246
,105,2010,6931258
,105,2000,5056174
,105,1990,3480587
,105,1980,2216903
,105,1970,1557374
,106,2022,19397998
,106,2020,18979243
,106,2015,17835909
,106,2010,16627837
,106,2000,15236253
,106,1990,16866563
,106,1980,14172710
,106,1970,12265305
,107,2022,54027487
,107,2020,51985780
,107,2015,46851488
,107,2010,41517895
,107,2000,30851606
,107,1990,23162269
,107,1980,16187124
,107,1970,11473087
,108,2022,131232
,108,2020,126463
,108,2015,116707
,108,2010,107995
,108,2000,88826
,108,1990,75124
,108,1980,60813
,108,1970,57437
,109,2022,4268873
,109,2020,4360444
,109,2015,3908743
,109,2010,2943356
,109,2000,1934901
,109,1990,1674938
,109,1980,1493870
,109,1970,802786
,110,2022,6630623
,110,2020,6424874
,110,2015,5914980
,110,2010,5483774
,110,2000,4935182
,110,1990,4394734
,110,1980,3691209
,110,1970,3016384
,111,2022,7529475
,111,2020,7319399
,111,2015,6787419
,111,2010,6323418
,111,2000,5430853
,111,1990,4314443
,111,1980,3297519
,111,1970,2675283
,112,2022,1850651
,112,2020,1897052
,112,2015,1991955
,112,2010,2101530
,112,2000,2392530
,112,1990,2689391
,112,1980,2572037
,112,1970,2397414
,113,2022,5489739
,113,2020,5662923
,113,2015,6398940
,113,2010,4995800
,113,2000,4320642
,113,1990,3593700
,113,1980,2963702
,113,1970,2381791
,114,2022,2305825
,114,2020,2254100
,114,2015,2118521
,114,2010,2022747
,114,2000,1998630
,114,1990,1798997
,114,1980,1407672
,114,1970,1023481
,115,2022,5302681
,115,2020,5087584
,115,2015,4612329
,115,2010,4019956
,115,2000,2895224
,115,1990,2209731
,115,1980,1932169
,115,1970,1463563
,116,2022,6812341
,116,2020,6653942
,116,2015,6192235
,116,2010,6491988
,116,2000,5154790
,116,1990,4236983
,116,1980,2962720
,116,1970,1909177
,117,2022,39327
,117,2020,38756
,117,2015,37355
,117,2010,35926
,117,2000,33026
,117,1990,28765
,117,1980,25003
,117,1970,21089
,118,2022,2750055
,118,2020,2820267
,118,2015,2963765
,118,2010,3139019
,118,2000,3599637
,118,1990,3785847
,118,1980,3521206
,118,1970,3210147
,119,2022,647599
,119,2020,630399
,119,2015,569408
,119,2010,507070
,119,2000,435628
,119,1990,381267
,119,1980,363741
,119,1970,339342
,120,2022,695168
,120,2020,676283
,120,2015,615239
,120,2010,557297
,120,2000,431896
,120,1990,350227
,120,1980,245332
,120,1970,247284
,121,2022,29611714
,121,2020,28225177
,121,2015,24850912
,121,2010,21731053
,121,2000,16216431
,121,1990,11882762
,121,1980,8948162
,121,1970,6639751
,122,2022,20405317
,122,2020,19377061
,122,2015,16938942
,122,2010,14718422
,122,2000,11229387
,122,1990,9539665
,122,1980,6267369
,122,1970,4625141
,123,2022,33938221
,123,2020,33199993
,123,2015,31068833
,123,2010,28717731
,123,2000,22945150
,123,1990,17517054
,123,1980,13215707
,123,1970,10306508
,124,2022,523787
,124,2020,514438
,124,2015,435582
,124,2010,361575
,124,2000,282507
,124,1990,224957
,124,1980,164887
,124,1970,123243
,125,2022,22593590
,125,2020,21224040
,125,2015,18112907
,125,2010,15529181
,125,2000,11239101
,125,1990,8945026
,125,1980,7372581
,125,1970,6153587
,126,2022,533286
,126,2020,515357
,126,2015,456579
,126,2010,418755
,126,2000,399212
,126,1990,365392
,126,1980,333587
,126,1970,315414
,127,2022,41569
,127,2020,43413
,127,2015,49410
,127,2010,53416
,127,2000,54224
,127,1990,46047
,127,1980,31988
,127,1970,23969
,128,2022,367507
,128,2020,370391
,128,2015,383515
,128,2010,392181
,128,2000,432543
,128,1990,374271
,128,1980,333786
,128,1970,326428
,129,2022,4736139
,129,2020,4498604
,129,2015,3946220
,129,2010,3419461
,129,2000,2695003
,129,1990,2006027
,129,1980,1506694
,129,1970,1122198
,130,2022,1299469
,130,2020,1297828
,130,2015,1293153
,130,2010,1283330
,130,2000,1215930
,130,1990,1090290
,130,1980,954865
,130,1970,830115
,131,2022,326101
,131,2020,305587
,131,2015,249545
,131,2010,211786
,131,2000,159215
,131,1990,92659
,131,1980,52233
,131,1970,35383
,132,2022,127504125
,132,2020,125998302
,132,2015,120149897
,132,2010,112532401
,132,2000,97873442
,132,1990,81720428
,132,1980,67705186
,132,1970,50289306
,133,2022,114164
,133,2020,112106
,133,2015,109462
,133,2010,107588
,133,2000,111709
,133,1990,98603
,133,1980,76299
,133,1970,58989
,134,2022,3272996
,134,2020,3084847
,134,2015,3277388
,134,2010,3678186
,134,2000,4251573
,134,1990,4480199
,134,1980,4103240
,134,1970,3711140
,135,2022,36469
,135,2020,36922
,135,2015,36760
,135,2010,33178
,135,2000,32465
,135,1990,30329
,135,1980,27076
,135,1970,24270
,136,2022,3398366
,136,2020,3294335
,136,2015,2964749
,136,2010,2702520
,136,2000,2450979
,136,1990,2161433
,136,1980,1697780
,136,1970,1293880
,137,2022,627082
,137,2020,629048
,137,2015,633966
,137,2010,631044
,137,2000,633324
,137,1990,621442
,137,1980,589324
,137,1970,530268
,138,2022,4390
,138,2020,4500
,138,2015,5059
,138,2010,4938
,138,2000,5138
,138,1990,10805
,138,1980,11452
,138,1970,11402
,139,2022,37457971
,139,2020,36688772
,139,2015,34680458
,139,2010,32464865
,139,2000,28554415
,139,1990,24570814
,139,1980,19678444
,139,1970,15274351
,140,2022,32969517
,140,2020,31178239
,140,2015,26843246
,140,2010,23073723
,140,2000,17768505
,140,1990,13303459
,140,1980,11413587
,140,1970,8411676
,141,2022,54179306
,141,2020,53423198
,141,2015,51483949
,141,2010,49390988
,141,2000,45538332
,141,1990,40099553
,141,1980,33465781
,141,1970,27284112
,142,2022,2567012
,142,2020,2489098
,142,2015,2282704
,142,2010,2099271
,142,2000,1819141
,142,1990,1369011
,142,1980,975994
,142,1970,754467
,143,2022,12668
,143,2020,12315
,143,2015,11185
,143,2010,10241
,143,2000,10377
,143,1990,9598
,143,1980,7635
,143,1970,6663
,144,2022,30547580
,144,2020,29348627
,144,2015,27610325
,144,2010,27161567
,144,2000,24559500
,144,1990,19616530
,144,1980,15600442
,144,1970,12501285
,145,2022,17564014
,145,2020,17434557
,145,2015,17041107
,145,2010,16617116
,145,2000,15899135
,145,1990,14944548
,145,1980,14130387
,145,1970,13037686
,146,2022,289950
,146,2020,286403
,146,2015,283032
,146,2010,261426
,146,2000,221537
,146,1990,177264
,146,1980,148599
,146,1970,110982
,147,2022,5185288
,147,2020,5061133
,147,2015,4590590
,147,2010,4346338
,147,2000,3855266
,147,1990,3397389
,147,1980,3147168
,147,1970,2824061
,148,2022,6948392
,148,2020,6755895
,148,2015,6298598
,148,2010,5855734
,148,2000,5123222
,148,1990,4227820
,148,1980,3303309
,148,1970,2444767
,149,2022,26207977
,149,2020,24333639
,149,2015,20128124
,149,2010,16647543
,149,2000,11622665
,149,1990,8370647
,149,1980,6173177
,149,1970,4669708
,150,2022,218541212
,150,2020,208327405
,150,2015,183995785
,150,2010,160952853
,150,2000,122851984
,150,1990,95214257
,150,1980,72951439
,150,1970,55569264
,151,2022,1934
,151,2020,1942
,151,2015,1847
,151,2010,1812
,151,2000,2074
,151,1990,2533
,151,1980,3637
,151,1970,5185
,152,2022,26069416
,152,2020,25867467
,152,2015,25258015
,152,2010,24686435
,152,2000,23367059
,152,1990,20799523
,152,1980,17973650
,152,1970,14996879
,153,2022,2093599
,153,2020,2111072
,153,2015,2107962
,153,2010,2093828
,153,2000,2037936
,153,1990,2044174
,153,1980,1907023
,153,1970,1656783
,154,2022,49551
,154,2020,49587
,154,2015,51514
,154,2010,54087
,154,2000,80338
,154,1990,48002
,154,1980,17613
,154,1970,10143
,155,2022,5434319
,155,2020,5379839
,155,2015,5190356
,155,2010,4889741
,155,2000,4491202
,155,1990,4241636
,155,1980,4085776
,155,1970,3875546
,156,2022,4576298
,156,2020,4543399
,156,2015,4191776
,156,2010,2881914
,156,2000,2344253
,156,1990,1804524
,156,1980,1017462
,156,1970,670693
,157,2022,235824862
,157,2020,227196741
,157,2015,210969298
,157,2010,194454498
,157,2000,154369924
,157,1990,115414069
,157,1980,80624057
,157,1970,59290872
,158,2022,18055
,158,2020,17972
,158,2015,17794
,158,2010,18540
,158,2000,19726
,158,1990,15293
,158,1980,12252
,158,1970,11366
,159,2022,5250072
,159,2020,5019401
,159,2015,4484614
,159,2010,3992278
,159,2000,3139954
,159,1990,2124609
,159,1980,1453620
,159,1970,1118241
,160,2022,4408581
,160,2020,4294396
,160,2015,3957099
,160,2010,3623617
,160,2000,3001731
,160,1990,2449968
,160,1980,1956987
,160,1970,1516188
,161,2022,10142619
,161,2020,9749640
,161,2015,8682174
,161,2010,7583269
,161,2000,5508297
,161,1990,3864972
,161,1980,3104788
,161,1970,2489059
,162,2022,6780744
,162,2020,6618695
,162,2015,6177950
,162,2010,5768613
,162,2000,5123819
,162,1990,4059195
,162,1980,3078912
,162,1970,2408787
,163,2022,34049588
,163,2020,33304756
,163,2015,30711863
,163,2010,29229572
,163,2000,26654439
,163,1990,22109099
,163,1980,17492406
,163,1970,13562371
,164,2022,115559009
,164,2020,112190977
,164,2015,103031365
,164,2010,94636700
,164,2000,77958223
,164,1990,61558898
,164,1980,48419546
,164,1970,37435586
,165,2022,39857145
,165,2020,38428366
,165,2015,38553146
,165,2010,38597353
,165,2000,38504431
,165,1990,38064255
,165,1980,35521429
,165,1970,32482943
,166,2022,10270865
,166,2020,10298192
,166,2015,10365435
,166,2010,10588401
,166,2000,10300626
,166,1990,10007346
,166,1980,9785252
,166,1970,8683631
,167,2022,3252407
,167,2020,3271564
,167,2015,3497335
,167,2010,3717922
,167,2000,3827108
,167,1990,3543776
,167,1980,3214568
,167,1970,2737619
,168,2022,2695122
,168,2020,2760385
,168,2015,2414573
,168,2010,1713504
,168,2000,645937
,168,1990,441675
,168,1980,277450
,168,1970,118007
,169,2022,5970424
,169,2020,5702174
,169,2015,5064386
,169,2010,4437884
,169,2000,3134030
,169,1990,2385435
,169,1980,1829256
,169,1970,1396989
,170,2022,974052
,170,2020,957822
,170,2015,922495
,170,2010,890130
,170,2000,785424
,170,1990,658992
,170,1980,551674
,170,1970,473925
,171,2022,19659267
,171,2020,19442038
,171,2015,19906079
,171,2010,20335211
,171,2000,21919876
,171,1990,22836234
,171,1980,22125224
,171,1970,19922618
,172,2022,144713314
,172,2020,145617329
,172,2015,144668389
,172,2010,143242599
,172,2000,146844839
,172,1990,148005704
,172,1980,138257420
,172,1970,130093010
,173,2022,13776698
,173,2020,13146362
,173,2015,11642959
,173,2010,10309031
,173,2000,8109989
,173,1990,7319962
,173,1980,5247532
,173,1970,3896367
,174,2022,10967
,174,2020,10681
,174,2015,9643
,174,2010,8988
,174,2000,7082
,174,1990,5168
,174,1980,2983
,174,1970,2417
,175,2022,47657
,175,2020,47642
,175,2015,47790
,175,2010,47403
,175,2000,45461
,175,1990,40636
,175,1980,43097
,175,1970,44968
,176,2022,179857
,176,2020,179237
,176,2015,175623
,176,2010,170935
,176,2000,159500
,176,1990,142301
,176,1980,121633
,176,1970,103090
,177,2022,31791
,177,2020,32552
,177,2015,35020
,177,2010,36458
,177,2000,29610
,177,1990,28127
,177,1980,7776
,177,1970,5802
,178,2022,5862
,178,2020,5906
,178,2015,5978
,178,2010,6052
,178,2000,6274
,178,1990,6324
,178,1980,6106
,178,1970,5537
,179,2022,103948
,179,2020,104632
,179,2015,106482
,179,2010,109308
,179,2000,113813
,179,1990,112487
,179,1980,107480
,179,1970,98459
,180,2022,222382
,180,2020,214929
,180,2015,203571
,180,2010,194672
,180,2000,184008
,180,1990,168186
,180,1980,164905
,180,1970,142771
,181,2022,33660
,181,2020,34007
,181,2015,33570
,181,2010,31608
,181,2000,26823
,181,1990,23132
,181,1980,21346
,181,1970,18169
,182,2022,227380
,182,2020,218641
,182,2015,201124
,182,2010,182138
,182,2000,143714
,182,1990,120343
,182,1980,97210
,182,1970,77583
,183,2022,36408820
,183,2020,35997107
,183,2015,32749848
,183,2010,29411929
,183,2000,21547390
,183,1990,16004763
,183,1980,10171710
,183,1970,6106191
,184,2022,17316449
,184,2020,16436119
,184,2015,14356181
,184,2010,12530121
,184,2000,9704287
,184,1990,7536001
,184,1980,5703869
,184,1970,4367744
,185,2022,7221365
,185,2020,7358005
,185,2015,7519496
,185,2010,7653748
,185,2000,7935022
,185,1990,7987529
,185,1980,7777010
,185,1970,7193533
,186,2022,107118
,186,2020,105530
,186,2015,99240
,186,2010,92409
,186,2000,80060
,186,1990,71057
,186,1980,65290
,186,1970,54379
,187,2022,8605718
,187,2020,8233969
,187,2015,7314773
,187,2010,6436698
,187,2000,4584067
,187,1990,4325388
,187,1980,3367477
,187,1970,2778557
,188,2022,5975689
,188,2020,5909869
,188,2015,5650018
,188,2010,5163590
,188,2000,4053602
,188,1990,3022209
,188,1980,2400729
,188,1970,2061831
,189,2022,44175
,189,2020,43621
,189,2015,40205
,189,2010,33034
,189,2000,30489
,189,1990,27845
,189,1980,12243
,189,1970,6260
,190,2022,5643453
,190,2020,5456681
,190,2015,5424444
,190,2010,5396424
,190,2000,5376690
,190,1990,5261305
,190,1980,4973883
,190,1970,4522867
,191,2022,2119844
,191,2020,2117641
,191,2015,2080862
,191,2010,2057286
,191,2000,1984339
,191,1990,1986024
,191,1980,1901570
,191,1970,1741286
,192,2022,724273
,192,2020,691191
,192,2015,612660
,192,2010,540394
,192,2000,429978
,192,1990,324171
,192,1980,233668
,192,1970,172833
,193,2022,17597511
,193,2020,16537016
,193,2015,13763906
,193,2010,12026649
,193,2000,8721465
,193,1990,6999096
,193,1980,5892224
,193,1970,3720977
,194,2022,59893885
,194,2020,58801927
,194,2015,55876504
,194,2010,51784921
,194,2000,46813266
,194,1990,39877570
,194,1980,29463549
,194,1970,22368306
,195,2022,51815810
,195,2020,51844690
,195,2015,50994401
,195,2010,48813042
,195,2000,46788591
,195,1990,44120039
,195,1980,38170501
,195,1970,32601143
,196,2022,10913164
,196,2020,10606227
,196,2015,11194299
,196,2010,9714419
,196,2000,6114440
,196,1990,4750817
,196,1980,4192011
,196,1970,3342410
,197,2022,47558630
,197,2020,47363807
,197,2015,46431342
,197,2010,46572772
,197,2000,40741651
,197,1990,38889889
,197,1980,37491666
,197,1970,33792617
,198,2022,21832143
,198,2020,21715079
,198,2015,21336697
,198,2010,20668557
,198,2000,18776371
,198,1990,17204094
,198,1980,14943645
,198,1970,12388769
,199,2022,46874204
,199,2020,44440486
,199,2015,38171178
,199,2010,33739933
,199,2000,26298773
,199,1990,21090886
,199,1980,16673586
,199,1970,11305206
,200,2022,618040
,200,2020,607065
,200,2015,575475
,200,2010,546080
,200,2000,478998
,200,1990,412756
,200,1980,375112
,200,1970,379918
,201,2022,10549347
,201,2020,10368969
,201,2015,9849349
,201,2010,9381729
,201,2000,8871043
,201,1990,8548406
,201,1980,8311763
,201,1970,8027702
,202,2022,8740472
,202,2020,8638613
,202,2015,8281732
,202,2010,7822435
,202,2000,7182059
,202,1990,6711693
,202,1980,6319113
,202,1970,6181227
,203,2022,22125249
,203,2020,20772595
,203,2015,19205178
,203,2010,22337563
,203,2000,16307654
,203,1990,12408996
,203,1980,8898954
,203,1970,6319199
,204,2022,23893394
,204,2020,23821464
,204,2015,23512136
,204,2010,23083083
,204,2000,22194731
,204,1990,20586174
,204,1980,18100281
,204,1970,14957870
,205,2022,9952787
,205,2020,9543207
,205,2015,8524063
,205,2010,7621779
,205,2000,6272998
,205,1990,5417860
,205,1980,4045965
,205,1970,2993019
,206,2022,65497748
,206,2020,61704518
,206,2015,52542823
,206,2010,45110527
,206,2000,34463704
,206,1990,26206012
,206,1980,19297659
,206,1970,13618192
,207,2022,71697030
,207,2020,71475664
,207,2015,70294397
,207,2010,68270489
,207,2000,63066603
,207,1990,55228410
,207,1980,45737753
,207,1970,35791728
,208,2022,1341296
,208,2020,1299995
,208,2015,1205813
,208,2010,1088486
,208,2000,878360
,208,1990,758106
,208,1980,642224
,208,1970,554021
,209,2022,8848699
,209,2020,8442580
,209,2015,7473229
,209,2010,6571855
,209,2000,5008035
,209,1990,3875947
,209,1980,2838110
,209,1970,2197383
,210,2022,1871
,210,2020,1827
,210,2015,1454
,210,2010,1367
,210,2000,1666
,210,1990,1669
,210,1980,1647
,210,1970,1714
,211,2022,106858
,211,2020,105254
,211,2015,106122
,211,2010,107383
,211,2000,102603
,211,1990,98727
,211,1980,96708
,211,1970,86484
,212,2022,1531044
,212,2020,1518147
,212,2015,1460177
,212,2010,1410296
,212,2000,1332203
,212,1990,1266518
,212,1980,1127852
,212,1970,988890
,213,2022,12356117
,213,2020,12161723
,213,2015,11557779
,213,2010,10895063
,213,2000,9893316
,213,1990,8440023
,213,1980,6578156
,213,1970,5047404
,214,2022,85341241
,214,2020,84135428
,214,2015,79646178
,214,2010,73195345
,214,2000,64113547
,214,1990,54324142
,214,1980,44089069
,214,1970,35540990
,215,2022,6430770
,215,2020,6250438
,215,2015,5766431
,215,2010,5267970
,215,2000,4569132
,215,1990,3720278
,215,1980,2862903
,215,1970,2201432
,216,2022,45703
,216,2020,44276
,216,2015,36538
,216,2010,29726
,216,2000,18744
,216,1990,11709
,216,1980,7598
,216,1970,5665
,217,2022,11312
,217,2020,11069
,217,2015,10877
,217,2010,10550
,217,2000,9638
,217,1990,9182
,217,1980,7731
,217,1970,5814
,218,2022,47249585
,218,2020,44404611
,218,2015,37477356
,218,2010,32341728
,218,2000,24020697
,218,1990,17586630
,218,1980,13284026
,218,1970,10317212
,219,2022,39701739
,219,2020,43909666
,219,2015,44982564
,219,2010,45683020
,219,2000,48879755
,219,1990,51589817
,219,1980,49973920
,219,1970,47279086
,220,2022,9441129
,220,2020,9287289
,220,2015,8916899
,220,2010,8481771
,220,2000,3275333
,220,1990,1900151
,220,1980,1014048
,220,1970,298084
,221,2022,67508936
,221,2020,67059474
,221,2015,65224364
,221,2010,62760039
,221,2000,58850043
,221,1990,57210442
,221,1980,56326328
,221,1970,55650166
,222,2022,338289857
,222,2020,335942003
,222,2015,324607776
,222,2010,311182845
,222,2000,282398554
,222,1990,248083732
,222,1980,223140018
,222,1970,200328340
,223,2022,99465
,223,2020,100442
,223,2015,102803
,223,2010,106142
,223,2000,108185
,223,1990,100685
,223,1980,96640
,223,1970,63446
,224,2022,3422794
,224,2020,3429086
,224,2015,3402818
,224,2010,3352651
,224,2000,3292224
,224,1990,3117012
,224,1980,2953750
,224,1970,2790265
,225,2022,34627652
,225,2020,33526656
,225,2015,30949417
,225,2010,28614227
,225,2000,24925554
,225,1990,20579100
,225,1980,15947129
,225,1970,12011361
,226,2022,326740
,226,2020,311685
,226,2015,276438
,226,2010,245453
,226,2000,192074
,226,1990,150882
,226,1980,118156
,226,1970,87019
,227,2022,510
,227,2020,520
,227,2015,564
,227,2010,596
,227,2000,651
,227,1990,700
,227,1980,733
,227,1970,752
,228,2022,28301696
,228,2020,28490453
,228,2015,30529716
,228,2010,28715022
,228,2000,24427729
,228,1990,19750579
,228,1980,15210443
,228,1970,11355475
,229,2022,98186856
,229,2020,96648685
,229,2015,92191398
,229,2010,87411012
,229,2000,79001142
,229,1990,66912613
,229,1980,52968270
,229,1970,41928849
,230,2022,11572
,230,2020,11655
,230,2015,12182
,230,2010,13142
,230,2000,14723
,230,1990,13454
,230,1980,11315
,230,1970,9377
,231,2022,575986
,231,2020,556048
,231,2015,491824
,231,2010,413296
,231,2000,270375
,231,1990,178529
,231,1980,116775
,231,1970,76371
,232,2022,33696614
,232,2020,32284046
,232,2015,28516545
,232,2010,24743946
,232,2000,18628700
,232,1990,13375121
,232,1980,9204938
,232,1970,6843607
,233,2022,20017675
,233,2020,18927715
,233,2015,16248230
,233,2010,13792086
,233,2000,9891136
,233,1990,7686401
,233,1980,5720438
,233,1970,4281671
,234,2022,16320537
,234,2020,15669666
,234,2015,14154937
,234,2010,12839771
,234,2000,11834676
,234,1990,10113893
,234,1980,7049926
,234,1970,5202918
