"country_id","year","population"
36,1970,10752971
36,1980,12486631
36,1990,10694796
36,2000,19542982
36,2010,28189672
36,2015,33753499
36,2020,38972230
36,2022,41128771
138,1970,2324731
138,1980,2941651
138,1990,3295066
138,2000,3182021
138,2010,2913399
138,2015,2882481
138,2020,2866849
138,2022,2842321
34,1970,13795915
34,1980,18739378
34,1990,25518074
34,2000,30774621
34,2010,35856344
34,2015,39543154
34,2020,43451666
34,2022,44903225
213,1970,27075
213,1980,32886
213,1990,47818
213,2000,58230
213,2010,54849
213,2015,51368
213,2020,46189
213,2022,44273
203,1970,19860
203,1980,35611
203,1990,53569
203,2000,66097
203,2010,71519
203,2015,71746
203,2020,77700
203,2022,79824
42,1970,6029700
42,1980,8330047
42,1990,11828638
42,2000,16394062
42,2010,23364185
42,2015,28127721
42,2020,33428485
42,2022,35588987
224,1970,6283
224,1980,6560
224,1990,8316
224,2000,11047
224,2010,13172
224,2015,14525
224,2020,15585
224,2022,15857
201,1970,64516
201,1980,64888
201,1990,63328
201,2000,75055
201,2010,85695
201,2015,89941
201,2020,92664
201,2022,93763
33,1970,23842803
33,1980,28024803
33,1990,32637657
33,2000,37070774
33,2010,41100123
33,2015,43257065
33,2020,45036032
33,2022,45510318
140,1970,2534377
140,1980,3135123
140,1990,3556539
140,2000,3168523
140,2010,2946293
140,2015,2878595
140,2020,2805608
140,2022,2780469
198,1970,59106
198,1980,62267
198,1990,65712
198,2000,89101
198,2010,100341
198,2015,104257
198,2020,106585
198,2022,106445
55,1970,12595034
55,1980,14706322
55,1990,17048003
55,2000,19017963
55,2010,22019168
55,2015,23820236
55,2020,25670051
55,2022,26177413
99,1970,7465301
99,1980,7547561
99,1990,7678729
99,2000,8010428
99,2010,8362829
99,2015,8642421
99,2020,8907777
99,2022,8939617
91,1970,5425317
91,1980,6383060
91,1990,7427836
91,2000,8190337
91,2010,9237202
91,2015,9863480
91,2020,10284951
91,2022,10358074
176,1970,179129
176,1980,223752
176,1990,270679
176,2000,325014
176,2010,373272
176,2015,392697
176,2020,406471
176,2022,409984
154,1970,222555
154,1980,362595
154,1990,517418
154,2000,711442
154,2010,1213645
154,2015,1362142
154,2020,1477469
154,2022,1472233
8,1970,67541860
8,1980,83929765
8,1990,107147651
8,2000,129193327
8,2010,148391139
8,2015,157830000
8,2020,167420951
8,2022,171186372
186,1970,241397
186,1980,253575
186,1990,258868
186,2000,264657
186,2010,274711
186,2015,278083
186,2020,280693
186,2022,281635
96,1970,9170786
96,1980,9817257
96,1990,10428525
96,2000,10256483
96,2010,9731427
96,2015,9700609
96,2020,9633740
96,2022,9534954
81,1970,9629376
81,1980,9828986
81,1990,9959560
81,2000,10264343
81,2010,10877947
81,2015,11248303
81,2020,11561717
81,2022,11655930
177,1970,120905
177,1980,145133
177,1990,182589
177,2000,240406
177,2010,322106
177,2015,359871
177,2020,394921
177,2022,405272
77,1970,3023443
77,1980,3833939
77,1990,5133419
77,2000,6998023
77,2010,9445710
77,2015,10932783
77,2020,12643123
77,2022,13352864
206,1970,52019
206,1980,53565
206,1990,57470
206,2000,61371
206,2010,63447
206,2015,63144
206,2020,64031
206,2022,64184
165,1970,298894
165,1980,415257
165,1990,558442
165,2000,587207
165,2010,705516
165,2015,743274
165,2020,772506
165,2022,782455
80,1970,4585693
80,1980,5736088
80,1990,7096194
80,2000,8592656
80,2010,10223270
80,2015,11090085
80,2020,11936162
80,2022,12224110
137,1970,3815561
137,1980,4199820
137,1990,4494310
137,2000,4179350
137,2010,3811088
137,2015,3524324
137,2020,3318407
137,2022,3233526
144,1970,592244
144,1980,938578
144,1990,1341474
144,2000,1726985
144,2010,2091664
144,2015,2305171
144,2020,2546402
144,2022,2630296
7,1970,96369875
7,1980,122288383
7,1990,150706446
7,2000,175873720
7,2010,196353492
7,2015,205188205
7,2020,213196304
7,2022,215313498
221,1970,9581
221,1980,11109
221,1990,15617
221,2000,20104
221,2010,27556
221,2015,29366
221,2020,30910
221,2022,31305
175,1970,133343
175,1980,187921
175,1990,261928
175,2000,333926
175,2010,396053
175,2015,421437
175,2020,441725
175,2022,449002
108,1970,8582950
108,1980,8980606
108,1990,8767778
108,2000,8097691
108,2010,7592273
108,2015,7309253
108,2020,6979175
108,2022,6781953
58,1970,5611666
58,1980,6932967
58,1990,9131361
58,2000,11882888
58,2010,16116845
58,2015,18718019
58,2020,21522626
58,2022,22673762
78,1970,3497834
78,1980,4312834
78,1990,5483793
78,2000,6307659
78,2010,9126605
78,2015,10727148
78,2020,12220227
78,2022,12889576
73,1970,6708525
73,1980,6198959
73,1990,8910808
73,2000,12118841
73,2010,14363532
73,2015,15417523
73,2020,16396860
73,2022,16767842
53,1970,6452787
53,1980,8519891
53,1990,11430520
53,2000,15091594
53,2010,19878036
53,2015,23012646
53,2020,26491087
53,2022,27914536
39,1970,21434577
39,1980,24511510
39,1990,27657204
39,2000,30683313
39,2010,33963412
39,2015,35732126
39,2020,37888705
39,2022,38454327
171,1970,287262
171,1980,317234
171,1990,364563
171,2000,458251
171,2010,521212
171,2015,552166
171,2020,582640
171,2022,593149
205,1970,10533
205,1980,17100
205,1990,26027
205,2000,39658
205,2010,54074
205,2015,60911
205,2020,67311
205,2022,68706
117,1970,2067356
117,1980,2415276
117,1990,2809221
117,2000,3759170
117,2010,4660067
117,2015,4819333
117,2020,5343020
117,2022,5579144
69,1970,3667394
69,1980,4408230
69,1990,5827069
69,2000,8259137
69,2010,11894727
69,2015,14140274
69,2020,16644701
69,2022,17723315
65,1970,9820481
65,1980,11469828
65,1990,13342868
65,2000,15351799
65,2010,17004162
65,2015,17870124
65,2020,19300315
65,2022,19603733
1,1970,822534450
1,1980,982372466
1,1990,1153704252
1,2000,1264099069
1,2010,1348191368
1,2015,1393715448
1,2020,1424929781
1,2022,1425887337
28,1970,20905254
28,1980,26176195
28,1990,32601393
28,2000,39215135
28,2010,44816108
28,2015,47119728
28,2020,50930662
28,2022,51874024
163,1970,242351
163,1980,328328
163,1990,431119
163,2000,536758
163,2010,656024
163,2015,730216
163,2020,806166
163,2022,836774
223,1970,20470
223,1980,17651
223,1990,17123
223,2000,15897
223,2010,17212
223,2015,17695
223,2020,17029
223,2022,17011
124,1970,1855697
124,1980,2414303
124,1990,3158253
124,2000,3979193
124,2010,4622252
124,2015,4895242
124,2020,5123105
124,2022,5180829
130,1970,4492638
130,1980,4680144
130,1990,4873707
130,2000,4548434
130,2010,4368682
130,2015,4254815
130,2020,4096868
130,2022,4030358
85,1970,8869636
85,1980,9809107
85,1990,10626680
85,2000,11105791
85,2010,11290417
85,2015,11339894
85,2020,11300698
85,2022,11212191
189,1970,150385
189,1980,156851
189,1990,155446
189,2000,141424
189,2010,159380
189,2015,169572
189,2020,189288
189,2022,191163
158,1970,640804
158,1980,679327
158,1990,788500
158,2000,948237
158,2010,1129686
158,2015,1187280
158,2020,1237537
158,2022,1251488
88,1970,9795744
88,1980,10270060
88,1990,10301192
88,2000,10234710
88,2010,10464749
88,2015,10523798
88,2020,10530953
88,2022,10493986
115,1970,4922963
115,1980,5125392
115,1990,5144623
115,2000,5340655
115,2010,5550849
115,2015,5677796
115,2020,5825641
115,2022,5882261
160,1970,144379
160,1980,324121
160,1990,577173
160,2000,742033
160,2010,919199
160,2015,1006259
160,2020,1090156
160,2022,1120849
204,1970,68895
204,1980,72978
204,1990,69481
204,2000,68346
204,2010,68755
204,2015,70007
204,2020,71995
204,2022,72737
84,1970,4475871
84,1980,5755800
84,1990,7129004
84,2000,8540791
84,2010,9775755
84,2015,10405832
84,2020,10999664
84,2022,11228821
15,1970,20151733
15,1980,26708686
15,1990,35987541
15,2000,48616317
15,2010,66391257
15,2015,78656904
15,2020,92853164
15,2022,99010212
67,1970,6172215
67,1980,8135845
67,1990,10449837
67,2000,12626507
67,2010,14989585
67,2015,16195902
67,2020,17588595
67,2022,18001000
14,1970,34781986
14,1980,43748556
14,1990,57214630
14,2000,71371371
14,2010,87252413
14,2015,97723799
14,2020,107465134
14,2022,110990103
112,1970,3619090
112,1980,4508992
112,1990,5367179
112,2000,5958482
112,2010,6114034
112,2015,6231066
112,2020,6292731
112,2022,6336392
152,1970,316955
152,1980,282509
152,1990,465549
152,2000,684977
152,2010,1094524
152,2015,1346973
152,2020,1596049
152,2022,1674908
132,1970,1272748
132,1980,1657982
132,1990,2149960
132,2000,2392880
132,2010,3147727
132,2015,3340006
132,2020,3555868
132,2022,3684032
156,1970,1361999
156,1980,1476983
156,1990,1570674
156,2000,1396877
156,2010,1331535
156,2015,1314657
156,2020,1329444
156,2022,1326062
159,1970,442865
159,1980,598564
159,1990,854011
159,2000,1030496
159,2010,1099920
159,2015,1133936
159,2020,1180655
159,2022,1201670
12,1970,28308246
12,1980,34945469
12,1990,47878073
12,2000,67031867
12,2010,89237791
12,2015,102471895
12,2020,117190911
12,2022,123379924
231,1970,2274
231,1980,2240
231,1990,2332
231,2000,3080
231,2010,3187
231,2015,3408
231,2020,3747
231,2022,3780
209,1970,38416
209,1980,43054
209,1990,47479
209,2000,45660
209,2010,48410
209,2015,48816
209,2020,52415
209,2022,53090
162,1970,527634
162,1980,644582
162,1990,780430
162,2000,832509
162,2010,905169
162,2015,917200
162,2020,920422
162,2022,929766
118,1970,4606621
118,1980,4779418
118,1990,4986545
118,2000,5176209
118,2010,5363271
118,2015,5479461
118,2020,5529468
118,2022,5540745
23,1970,50523586
23,1980,53713830
23,1990,56412897
23,2000,58665453
23,2010,62444567
23,2015,63809769
23,2020,64480053
23,2022,64626628
184,1970,46484
184,1980,66825
184,1990,113931
184,2000,164351
184,2010,228453
184,2015,257026
184,2020,290969
184,2022,304557
183,1970,117891
183,1980,163591
183,1990,211089
183,2000,250927
183,2010,283788
183,2015,291787
183,2020,301920
183,2022,306279
146,1970,597192
146,1980,749078
146,1990,983028
146,2000,1272935
146,2010,1711105
146,2015,2028517
146,2020,2292573
146,2022,2388992
142,1970,528731
142,1980,718586
142,1990,1040616
142,2000,1437539
142,2010,1937275
142,2015,2253133
142,2020,2573995
142,2022,2705992
131,1970,4800426
131,1980,5145843
131,1990,5391636
131,2000,4265172
131,2010,3836831
131,2015,3771132
131,2020,3765912
131,2022,3744385
19,1970,78294583
19,1980,77786703
19,1990,79370196
19,2000,81551677
19,2010,81325090
19,2015,82073226
19,2020,83328988
19,2022,83369843
47,1970,8861895
47,1980,11865246
47,1990,15446982
47,2000,19665502
47,2010,25574719
47,2015,28870939
47,2020,32180401
47,2022,33475870
219,1970,26685
219,1980,28734
219,1990,27317
219,2000,27741
219,2010,31262
219,2015,32520
219,2020,32709
219,2022,32649
90,1970,8544873
90,1980,9307148
90,1990,10302255
90,2000,11038109
90,2010,11033783
90,2015,10806641
90,2020,10512232
90,2022,10384971
208,1970,45434
208,1980,50106
208,1990,55599
208,2000,56184
208,2010,56351
208,2015,55895
208,2020,56026
208,2022,56466
193,1970,98794
193,1980,94838
193,1990,99047
193,2000,107432
193,2010,114039
193,2015,118980
193,2020,123663
193,2022,125438
178,1970,318310
178,1980,334234
178,1990,391951
178,2000,424067
178,2010,403072
178,2015,399089
178,2020,395642
178,2022,395752
191,1970,88300
191,1980,110286
191,1990,138263
191,2000,160188
191,2010,164905
191,2015,167978
191,2020,169231
191,2022,171774
68,1970,5453208
68,1980,6987767
68,1990,9084780
68,2000,11735894
68,2010,14543121
68,2015,16001107
68,2020,17362718
68,2022,17843908
207,1970,52656
207,1980,52860
207,1990,57727
207,2000,59114
207,2010,60782
207,2015,61629
207,2020,62794
207,2022,63301
75,1970,4222374
75,1980,4972609
75,1990,6354145
75,2000,8336967
75,2010,10270728
75,2015,11625998
75,2020,13205153
75,2022,13859341
149,1970,591663
149,1980,831462
149,1990,973551
149,2000,1230849
149,2010,1567220
149,2015,1788919
149,2020,2015828
149,2022,2105566
164,1970,705261
164,1980,778176
164,1990,747116
164,2000,759051
164,2010,747932
164,2015,755031
164,2020,797202
164,2022,808726
82,1970,4680812
82,1980,5646676
82,1990,6925331
82,2000,8360225
82,2010,9842880
82,2015,10563757
82,2020,11306801
82,2022,11584996
89,1970,2782753
89,1980,3777990
89,1990,5053234
89,2000,6656725
89,2010,8450933
89,2015,9294505
89,2020,10121763
89,2022,10432860
104,1970,3955072
104,1980,4978544
104,1990,5838574
104,2000,6731195
104,2010,7132438
104,2015,7399838
104,2020,7500958
104,2022,7488865
94,1970,10315366
94,1980,10698679
94,1990,10375989
94,2000,10202055
94,2010,9986825
94,2015,9844246
94,2020,9750573
94,2022,9967308
179,1970,204468
179,1980,228263
179,1990,255019
179,2000,281462
179,2010,318333
179,2015,331060
179,2020,366669
179,2022,372899
2,1970,557501301
2,1980,696828385
2,1990,870452165
2,2000,1059633675
2,2010,1240613620
2,2015,1322866505
2,2020,1396387127
2,2022,1417173173
4,1970,115228394
4,1980,148177096
4,1990,182159874
4,2000,214072421
4,2010,244016173
4,2015,259091970
4,2020,271857970
4,2022,275501339
17,1970,28449705
17,1980,38520664
17,1990,55793629
17,2000,65544383
17,2010,75373855
17,2015,81790841
17,2020,87290193
17,2022,88550570
35,1970,9811347
35,1980,13653369
35,1990,17658381
35,2000,24628858
35,2010,31264875
35,2015,37757813
35,2020,42556984
35,2022,44496122
125,1970,2937637
125,1980,3391387
125,1990,3485374
125,2000,3768950
125,2010,4524585
125,2015,4665760
125,2020,4946119
125,2022,5023109
202,1970,55298
202,1980,64022
202,1990,68865
202,2000,75562
202,2010,83828
202,2015,83593
202,2020,84046
202,2022,84519
98,1970,2907307
98,1980,3744608
98,1990,4803254
98,2000,6116958
98,2010,7328445
98,2015,8007778
98,2020,8757489
98,2022,9038309
25,1970,53324036
25,1980,56329482
25,1990,56756561
25,2000,56966397
25,2010,59822450
25,2015,60232906
25,2020,59500579
25,2022,59037474
52,1970,5477086
52,1980,8303809
52,1990,11910540
52,2000,16799670
52,2010,21120042
52,2015,23596741
52,2020,26811790
52,2022,28160542
139,1970,1859091
139,1980,2135546
139,1990,2392030
139,2000,2612205
139,2010,2733896
139,2015,2794445
139,2020,2820436
139,2022,2827377
11,1970,105416839
11,1980,117624196
11,1990,123686321
11,2000,126803861
11,2010,128105431
11,2015,127250933
11,2020,125244761
11,2022,123951692
195,1970,68347
195,1980,75124
195,1990,82874
195,2000,86192
195,2010,96151
195,2015,100561
195,2020,108319
195,2022,110778
83,1970,1557374
83,1980,2216903
83,1990,3480587
83,2000,5056174
83,2010,6931258
83,2015,9494246
83,2020,10928721
83,2022,11285869
66,1970,12265305
66,1980,14172710
66,1990,16866563
66,2000,15236253
66,2010,16627837
66,2015,17835909
66,2020,18979243
66,2022,19397998
27,1970,11473087
27,1980,16187124
27,1990,23162269
27,2000,30851606
27,2010,41517895
27,2015,46851488
27,2020,51985780
27,2022,54027487
192,1970,57437
192,1980,60813
192,1990,75124
192,2000,88826
192,2010,107995
192,2015,116707
192,2020,126463
192,2022,131232
129,1970,802786
129,1980,1493870
129,1990,1674938
129,2000,1934901
129,2010,2943356
129,2015,3908743
129,2020,4360444
129,2022,4268873
110,1970,3016384
110,1980,3691209
110,1990,4394734
110,2000,4935182
110,2010,5483774
110,2015,5914980
110,2020,6424874
110,2022,6630623
103,1970,2675283
103,1980,3297519
103,1990,4314443
103,2000,5430853
103,2010,6323418
103,2015,6787419
103,2020,7319399
103,2022,7529475
151,1970,2397414
151,1980,2572037
151,1990,2689391
151,2000,2392530
151,2010,2101530
151,2015,1991955
151,2020,1897052
151,2022,1850651
119,1970,2381791
119,1980,2963702
119,1990,3593700
119,2000,4320642
119,2010,4995800
119,2015,6398940
119,2020,5662923
119,2022,5489739
147,1970,1023481
147,1980,1407672
147,1990,1798997
147,2000,1998630
147,2010,2022747
147,2015,2118521
147,2020,2254100
147,2022,2305825
121,1970,1463563
121,1980,1932169
121,1990,2209731
121,2000,2895224
121,2010,4019956
121,2015,4612329
121,2020,5087584
121,2022,5302681
107,1970,1909177
107,1980,2962720
107,1990,4236983
107,2000,5154790
107,2010,6491988
107,2015,6192235
107,2020,6653942
107,2022,6812341
216,1970,21089
216,1980,25003
216,1990,28765
216,2000,33026
216,2010,35926
216,2015,37355
216,2020,38756
216,2022,39327
141,1970,3210147
141,1980,3521206
141,1990,3785847
141,2000,3599637
141,2010,3139019
141,2015,2963765
141,2020,2820267
141,2022,2750055
168,1970,339342
168,1980,363741
168,1990,381267
168,2000,435628
168,2010,507070
168,2015,569408
168,2020,630399
168,2022,647599
167,1970,247284
167,1980,245332
167,1990,350227
167,2000,431896
167,2010,557297
167,2015,615239
167,2020,676283
167,2022,695168
50,1970,6639751
50,1980,8948162
50,1990,11882762
50,2000,16216431
50,2010,21731053
50,2015,24850912
50,2020,28225177
50,2022,29611714
62,1970,4625141
62,1980,6267369
62,1990,9539665
62,2000,11229387
62,2010,14718422
62,2015,16938942
62,2020,19377061
62,2022,20405317
45,1970,10306508
45,1980,13215707
45,1990,17517054
45,2000,22945150
45,2010,28717731
45,2015,31068833
45,2020,33199993
45,2022,33938221
174,1970,123243
174,1980,164887
174,1990,224957
174,2000,282507
174,2010,361575
174,2015,435582
174,2020,514438
174,2022,523787
59,1970,6153587
59,1980,7372581
59,1990,8945026
59,2000,11239101
59,2010,15529181
59,2015,18112907
59,2020,21224040
59,2022,22593590
173,1970,315414
173,1980,333587
173,1990,365392
173,2000,399212
173,2010,418755
173,2015,456579
173,2020,515357
173,2022,533286
215,1970,23969
215,1980,31988
215,1990,46047
215,2000,54224
215,2010,53416
215,2015,49410
215,2020,43413
215,2022,41569
180,1970,326428
180,1980,333786
180,1990,374271
180,2000,432543
180,2010,392181
180,2015,383515
180,2020,370391
180,2022,367507
126,1970,1122198
126,1980,1506694
126,1990,2006027
126,2000,2695003
126,2010,3419461
126,2015,3946220
126,2020,4498604
126,2022,4736139
157,1970,830115
157,1980,954865
157,1990,1090290
157,2000,1215930
157,2010,1283330
157,2015,1293153
157,2020,1297828
157,2022,1299469
182,1970,35383
182,1980,52233
182,1990,92659
182,2000,159215
182,2010,211786
182,2015,249545
182,2020,305587
182,2022,326101
10,1970,50289306
10,1980,67705186
10,1990,81720428
10,2000,97873442
10,2010,112532401
10,2015,120149897
10,2020,125998302
10,2022,127504125
194,1970,58989
194,1980,76299
194,1990,98603
194,2000,111709
194,2010,107588
194,2015,109462
194,2020,112106
194,2022,114164
135,1970,3711140
135,1980,4103240
135,1990,4480199
135,2000,4251573
135,2010,3678186
135,2015,3277388
135,2020,3084847
135,2022,3272996
217,1970,24270
217,1980,27076
217,1990,30329
217,2000,32465
217,2010,33178
217,2015,36760
217,2020,36922
217,2022,36469
134,1970,1293880
134,1980,1697780
134,1990,2161433
134,2000,2450979
134,2010,2702520
134,2015,2964749
134,2020,3294335
134,2022,3398366
169,1970,530268
169,1980,589324
169,1990,621442
169,2000,633324
169,2010,631044
169,2015,633966
169,2020,629048
169,2022,627082
230,1970,11402
230,1980,11452
230,1990,10805
230,2000,5138
230,2010,4938
230,2015,5059
230,2020,4500
230,2022,4390
40,1970,15274351
40,1980,19678444
40,1990,24570814
40,2000,28554415
40,2010,32464865
40,2015,34680458
40,2020,36688772
40,2022,37457971
48,1970,8411676
48,1980,11413587
48,1990,13303459
48,2000,17768505
48,2010,23073723
48,2015,26843246
48,2020,31178239
48,2022,32969517
26,1970,27284112
26,1980,33465781
26,1990,40099553
26,2000,45538332
26,2010,49390988
26,2015,51483949
26,2020,53423198
26,2022,54179306
145,1970,754467
145,1980,975994
145,1990,1369011
145,2000,1819141
145,2010,2099271
145,2015,2282704
145,2020,2489098
145,2022,2567012
225,1970,6663
225,1980,7635
225,1990,9598
225,2000,10377
225,2010,10241
225,2015,11185
225,2020,12315
225,2022,12668
49,1970,12501285
49,1980,15600442
49,1990,19616530
49,2000,24559500
49,2010,27161567
49,2015,27610325
49,2020,29348627
49,2022,30547580
71,1970,13037686
71,1980,14130387
71,1990,14944548
71,2000,15899135
71,2010,16617116
71,2015,17041107
71,2020,17434557
71,2022,17564014
185,1970,110982
185,1980,148599
185,1990,177264
185,2000,221537
185,2010,261426
185,2015,283032
185,2020,286403
185,2022,289950
123,1970,2824061
123,1980,3147168
123,1990,3397389
123,2000,3855266
123,2010,4346338
123,2015,4590590
123,2020,5061133
123,2022,5185288
106,1970,2444767
106,1980,3303309
106,1990,4227820
106,2000,5123222
106,2010,5855734
106,2015,6298598
106,2020,6755895
106,2022,6948392
54,1970,4669708
54,1980,6173177
54,1990,8370647
54,2000,11622665
54,2010,16647543
54,2015,20128124
54,2020,24333639
54,2022,26207977
6,1970,55569264
6,1980,72951439
6,1990,95214257
6,2000,122851984
6,2010,160952853
6,2015,183995785
6,2020,208327405
6,2022,218541212
232,1970,5185
232,1980,3637
232,1990,2533
232,2000,2074
232,2010,1812
232,2015,1847
232,2020,1942
232,2022,1934
56,1970,14996879
56,1980,17973650
56,1990,20799523
56,2000,23367059
56,2010,24686435
56,2015,25258015
56,2020,25867467
56,2022,26069416
150,1970,1656783
150,1980,1907023
150,1990,2044174
150,2000,2037936
150,2010,2093828
150,2015,2107962
150,2020,2111072
150,2022,2093599
210,1970,10143
210,1980,17613
210,1990,48002
210,2000,80338
210,2010,54087
210,2015,51514
210,2020,49587
210,2022,49551
120,1970,3875546
120,1980,4085776
120,1990,4241636
120,2000,4491202
120,2010,4889741
120,2015,5190356
120,2020,5379839
120,2022,5434319
127,1970,670693
127,1980,1017462
127,1990,1804524
127,2000,2344253
127,2010,2881914
127,2015,4191776
127,2020,4543399
127,2022,4576298
5,1970,59290872
5,1980,80624057
5,1990,115414069
5,2000,154369924
5,2010,194454498
5,2015,210969298
5,2020,227196741
5,2022,235824862
222,1970,11366
222,1980,12252
222,1990,15293
222,2000,19726
222,2010,18540
222,2015,17794
222,2020,17972
222,2022,18055
122,1970,1118241
122,1980,1453620
122,1990,2124609
122,2000,3139954
122,2010,3992278
122,2015,4484614
122,2020,5019401
122,2022,5250072
128,1970,1516188
128,1980,1956987
128,1990,2449968
128,2000,3001731
128,2010,3623617
128,2015,3957099
128,2020,4294396
128,2022,4408581
93,1970,2489059
93,1980,3104788
93,1990,3864972
93,2000,5508297
93,2010,7583269
93,2015,8682174
93,2020,9749640
93,2022,10142619
109,1970,2408787
109,1980,3078912
109,1990,4059195
109,2000,5123819
109,2010,5768613
109,2015,6177950
109,2020,6618695
109,2022,6780744
44,1970,13562371
44,1980,17492406
44,1990,22109099
44,2000,26654439
44,2010,29229572
44,2015,30711863
44,2020,33304756
44,2022,34049588
13,1970,37435586
13,1980,48419546
13,1990,61558898
13,2000,77958223
13,2010,94636700
13,2015,103031365
13,2020,112190977
13,2022,115559009
37,1970,32482943
37,1980,35521429
37,1990,38064255
37,2000,38504431
37,2010,38597353
37,2015,38553146
37,2020,38428366
37,2022,39857145
92,1970,8683631
92,1980,9785252
92,1990,10007346
92,2000,10300626
92,2010,10588401
92,2015,10365435
92,2020,10298192
92,2022,10270865
136,1970,2737619
136,1980,3214568
136,1990,3543776
136,2000,3827108
136,2010,3717922
136,2015,3497335
136,2020,3271564
136,2022,3252407
143,1970,118007
143,1980,277450
143,1990,441675
143,2000,645937
143,2010,1713504
143,2015,2414573
143,2020,2760385
143,2022,2695122
114,1970,1396989
114,1980,1829256
114,1990,2385435
114,2000,3134030
114,2010,4437884
114,2015,5064386
114,2020,5702174
114,2022,5970424
161,1970,473925
161,1980,551674
161,1990,658992
161,2000,785424
161,2010,890130
161,2015,922495
161,2020,957822
161,2022,974052
64,1970,19922618
64,1980,22125224
64,1990,22836234
64,2000,21919876
64,2010,20335211
64,2015,19906079
64,2020,19442038
64,2022,19659267
9,1970,130093010
9,1980,138257420
9,1990,148005704
9,2000,146844839
9,2010,143242599
9,2015,144668389
9,2020,145617329
9,2022,144713314
76,1970,3896367
76,1980,5247532
76,1990,7319962
76,2000,8109989
76,2010,10309031
76,2015,11642959
76,2020,13146362
76,2022,13776698
228,1970,2417
228,1980,2983
228,1990,5168
228,2000,7082
228,2010,8988
228,2015,9643
228,2020,10681
228,2022,10967
211,1970,44968
211,1980,43097
211,1990,40636
211,2000,45461
211,2010,47403
211,2015,47790
211,2020,47642
211,2022,47657
190,1970,103090
190,1980,121633
190,1990,142301
190,2000,159500
190,2010,170935
190,2015,175623
190,2020,179237
190,2022,179857
220,1970,5802
220,1980,7776
220,1990,28127
220,2000,29610
220,2010,36458
220,2015,35020
220,2020,32552
220,2022,31791
229,1970,5537
229,1980,6106
229,1990,6324
229,2000,6274
229,2010,6052
229,2015,5978
229,2020,5906
229,2022,5862
199,1970,98459
199,1980,107480
199,1990,112487
199,2000,113813
199,2010,109308
199,2015,106482
199,2020,104632
199,2022,103948
188,1970,142771
188,1980,164905
188,1990,168186
188,2000,184008
188,2010,194672
188,2015,203571
188,2020,214929
188,2022,222382
218,1970,18169
218,1980,21346
218,1990,23132
218,2000,26823
218,2010,31608
218,2015,33570
218,2020,34007
218,2022,33660
187,1970,77583
187,1980,97210
187,1990,120343
187,2000,143714
187,2010,182138
187,2015,201124
187,2020,218641
187,2022,227380
41,1970,6106191
41,1980,10171710
41,1990,16004763
41,2000,21547390
41,2010,29411929
41,2015,32749848
41,2020,35997107
41,2022,36408820
72,1970,4367744
72,1980,5703869
72,1990,7536001
72,2000,9704287
72,2010,12530121
72,2015,14356181
72,2020,16436119
72,2022,17316449
105,1970,7193533
105,1980,7777010
105,1990,7987529
105,2000,7935022
105,2010,7653748
105,2015,7519496
105,2020,7358005
105,2022,7221365
196,1970,54379
196,1980,65290
196,1990,71057
196,2000,80060
196,2010,92409
196,2015,99240
196,2020,105530
196,2022,107118
102,1970,2778557
102,1980,3367477
102,1990,4325388
102,2000,4584067
102,2010,6436698
102,2015,7314773
102,2020,8233969
102,2022,8605718
113,1970,2061831
113,1980,2400729
113,1990,3022209
113,2000,4053602
113,2010,5163590
113,2015,5650018
113,2020,5909869
113,2022,5975689
214,1970,6260
214,1980,12243
214,1990,27845
214,2000,30489
214,2010,33034
214,2015,40205
214,2020,43621
214,2022,44175
116,1970,4522867
116,1980,4973883
116,1990,5261305
116,2000,5376690
116,2010,5396424
116,2015,5424444
116,2020,5456681
116,2022,5643453
148,1970,1741286
148,1980,1901570
148,1990,1986024
148,2000,1984339
148,2010,2057286
148,2015,2080862
148,2020,2117641
148,2022,2119844
166,1970,172833
166,1980,233668
166,1990,324171
166,2000,429978
166,2010,540394
166,2015,612660
166,2020,691191
166,2022,724273
70,1970,3720977
70,1980,5892224
70,1990,6999096
70,2000,8721465
70,2010,12026649
70,2015,13763906
70,2020,16537016
70,2022,17597511
24,1970,22368306
24,1980,29463549
24,1990,39877570
24,2000,46813266
24,2010,51784921
24,2015,55876504
24,2020,58801927
24,2022,59893885
29,1970,32601143
29,1980,38170501
29,1990,44120039
29,2000,46788591
29,2010,48813042
29,2015,50994401
29,2020,51844690
29,2022,51815810
86,1970,3342410
86,1980,4192011
86,1990,4750817
86,2000,6114440
86,2010,9714419
86,2015,11194299
86,2020,10606227
86,2022,10913164
30,1970,33792617
30,1980,37491666
30,1990,38889889
30,2000,40741651
30,2010,46572772
30,2015,46431342
30,2020,47363807
30,2022,47558630
61,1970,12388769
61,1980,14943645
61,1990,17204094
61,2000,18776371
61,2010,20668557
61,2015,21336697
61,2020,21715079
61,2022,21832143
32,1970,11305206
32,1980,16673586
32,1990,21090886
32,2000,26298773
32,2010,33739933
32,2015,38171178
32,2020,44440486
32,2022,46874204
170,1970,379918
170,1980,375112
170,1990,412756
170,2000,478998
170,2010,546080
170,2015,575475
170,2020,607065
170,2022,618040
87,1970,8027702
87,1980,8311763
87,1990,8548406
87,2000,8871043
87,2010,9381729
87,2015,9849349
87,2020,10368969
87,2022,10549347
101,1970,6181227
101,1980,6319113
101,1990,6711693
101,2000,7182059
101,2010,7822435
101,2015,8281732
101,2020,8638613
101,2022,8740472
60,1970,6319199
60,1980,8898954
60,1990,12408996
60,2000,16307654
60,2010,22337563
60,2015,19205178
60,2020,20772595
60,2022,22125249
57,1970,14957870
57,1980,18100281
57,1990,20586174
57,2000,22194731
57,2010,23083083
57,2015,23512136
57,2020,23821464
57,2022,23893394
95,1970,2993019
95,1980,4045965
95,1990,5417860
95,2000,6272998
95,2010,7621779
95,2015,8524063
95,2020,9543207
95,2022,9952787
22,1970,13618192
22,1980,19297659
22,1990,26206012
22,2000,34463704
22,2010,45110527
22,2015,52542823
22,2020,61704518
22,2022,65497748
20,1970,35791728
20,1980,45737753
20,1990,55228410
20,2000,63066603
20,2010,68270489
20,2015,70294397
20,2020,71475664
20,2022,71697030
155,1970,554021
155,1980,642224
155,1990,758106
155,2000,878360
155,2010,1088486
155,2015,1205813
155,2020,1299995
155,2022,1341296
100,1970,2197383
100,1980,2838110
100,1990,3875947
100,2000,5008035
100,2010,6571855
100,2015,7473229
100,2020,8442580
100,2022,8848699
233,1970,1714
233,1980,1647
233,1990,1669
233,2000,1666
233,2010,1367
233,2015,1454
233,2020,1827
233,2022,1871
197,1970,86484
197,1980,96708
197,1990,98727
197,2000,102603
197,2010,107383
197,2015,106122
197,2020,105254
197,2022,106858
153,1970,988890
153,1980,1127852
153,1990,1266518
153,2000,1332203
153,2010,1410296
153,2015,1460177
153,2020,1518147
153,2022,1531044
79,1970,5047404
79,1980,6578156
79,1990,8440023
79,2000,9893316
79,2010,10895063
79,2015,11557779
79,2020,12161723
79,2022,12356117
18,1970,35540990
18,1980,44089069
18,1990,54324142
18,2000,64113547
18,2010,73195345
18,2015,79646178
18,2020,84135428
18,2022,85341241
111,1970,2201432
111,1980,2862903
111,1990,3720278
111,2000,4569132
111,2010,5267970
111,2015,5766431
111,2020,6250438
111,2022,6430770
212,1970,5665
212,1980,7598
212,1990,11709
212,2000,18744
212,2010,29726
212,2015,36538
212,2020,44276
212,2022,45703
227,1970,5814
227,1980,7731
227,1990,9182
227,2000,9638
227,2010,10550
227,2015,10877
227,2020,11069
227,2022,11312
31,1970,10317212
31,1980,13284026
31,1990,17586630
31,2000,24020697
31,2010,32341728
31,2015,37477356
31,2020,44404611
31,2022,47249585
38,1970,47279086
38,1980,49973920
38,1990,51589817
38,2000,48879755
38,2010,45683020
38,2015,44982564
38,2020,43909666
38,2022,39701739
97,1970,298084
97,1980,1014048
97,1990,1900151
97,2000,3275333
97,2010,8481771
97,2015,8916899
97,2020,9287289
97,2022,9441129
21,1970,55650166
21,1980,56326328
21,1990,57210442
21,2000,58850043
21,2010,62760039
21,2015,65224364
21,2020,67059474
21,2022,67508936
3,1970,200328340
3,1980,223140018
3,1990,248083732
3,2000,282398554
3,2010,311182845
3,2015,324607776
3,2020,335942003
3,2022,338289857
200,1970,63446
200,1980,96640
200,1990,100685
200,2000,108185
200,2010,106142
200,2015,102803
200,2020,100442
200,2022,99465
133,1970,2790265
133,1980,2953750
133,1990,3117012
133,2000,3292224
133,2010,3352651
133,2015,3402818
133,2020,3429086
133,2022,3422794
43,1970,12011361
43,1980,15947129
43,1990,20579100
43,2000,24925554
43,2010,28614227
43,2015,30949417
43,2020,33526656
43,2022,34627652
181,1970,87019
181,1980,118156
181,1990,150882
181,2000,192074
181,2010,245453
181,2015,276438
181,2020,311685
181,2022,326740
234,1970,752
234,1980,733
234,1990,700
234,2000,651
234,2010,596
234,2015,564
234,2020,520
234,2022,510
51,1970,11355475
51,1980,15210443
51,1990,19750579
51,2000,24427729
51,2010,28715022
51,2015,30529716
51,2020,28490453
51,2022,28301696
16,1970,41928849
16,1980,52968270
16,1990,66912613
16,2000,79001142
16,2010,87411012
16,2015,92191398
16,2020,96648685
16,2022,98186856
226,1970,9377
226,1980,11315
226,1990,13454
226,2000,14723
226,2010,13142
226,2015,12182
226,2020,11655
226,2022,11572
172,1970,76371
172,1980,116775
172,1990,178529
172,2000,270375
172,2010,413296
172,2015,491824
172,2020,556048
172,2022,575986
46,1970,6843607
46,1980,9204938
46,1990,13375121
46,2000,18628700
46,2010,24743946
46,2015,28516545
46,2020,32284046
46,2022,33696614
63,1970,4281671
63,1980,5720438
63,1990,7686401
63,2000,9891136
63,2010,13792086
63,2015,16248230
63,2020,18927715
63,2022,20017675
74,1970,5202918
74,1980,7049926
74,1990,10113893
74,2000,11834676
74,2010,12839771
74,2015,14154937
74,2020,15669666
74,2022,16320537
